accuracy,balanced_accuracy,precision,recall,f1_score,false_positive_rate,roc_auc,pr_auc,confusion_matrix,confusion_matrix_labels,threshold_percentile,threshold,model,seed
0.7900522072663991,0.7003014860293888,0.15496348607655885,0.5989454094292804,0.24622250557857825,0.19834243737050292,0.6986677312321835,0.1937988816207769,"[[42560, 10530], [1293, 1931]]","['Normal (0)', 'Attack (1)']",80,-0.13728094048526412,isolation_forest,42
0.835493838121959,0.7181383081400702,0.19233903830480847,0.5856079404466501,0.28957055214723926,0.1493313241665097,0.6986677312321835,0.1937988816207769,"[[45162, 7928], [1336, 1888]]","['Normal (0)', 'Attack (1)']",85,-0.08775006237187533,isolation_forest,42
0.8800120751500515,0.7331546937710999,0.25434570991517175,0.5673076923076923,0.3512241958713394,0.10099830476549256,0.6986677312321835,0.1937988816207769,"[[47728, 5362], [1395, 1829]]","['Normal (0)', 'Attack (1)']",90,0.0028881406242845737,isolation_forest,42
0.894644315800689,0.7015845032570283,0.267547623133688,0.483560794044665,0.34449232129046514,0.0803917875306084,0.6986677312321835,0.1937988816207769,"[[48822, 4268], [1665, 1559]]","['Normal (0)', 'Attack (1)']",92,0.1338197351421867,isolation_forest,42
0.910590616898107,0.602683875922108,0.23791606367583212,0.25496277915632753,0.24614463243000448,0.04959502731211151,0.6986677312321835,0.1937988816207769,"[[50457, 2633], [2402, 822]]","['Normal (0)', 'Attack (1)']",95,0.17366493020706852,isolation_forest,42
0.9253826757111908,0.5873676927189981,0.2877604166666667,0.2056451612903226,0.2398697539797395,0.030909775852326238,0.6986677312321835,0.1937988816207769,"[[51449, 1641], [2561, 663]]","['Normal (0)', 'Attack (1)']",97,0.189236300101697,isolation_forest,42
0.9329474020669816,0.49625796963534463,0.017482517482517484,0.003101736972704715,0.005268703898840885,0.010585797702015445,0.6986677312321835,0.1937988816207769,"[[52528, 562], [3214, 10]]","['Normal (0)', 'Attack (1)']",99,0.21510159879140722,isolation_forest,42
0.7869446318854991,0.700401367919171,0.15347551342812008,0.6026674937965261,0.24464870309745657,0.2018647579581842,0.6919091258254745,0.1745704075135287,"[[42373, 10717], [1281, 1943]]","['Normal (0)', 'Attack (1)']",80,-0.13694319206868105,isolation_forest,7
0.8336825656142345,0.7171776752525207,0.19036095987094173,0.5856079404466501,0.28732308628823616,0.1512525899416086,0.6919091258254745,0.1745704075135287,"[[45060, 8030], [1336, 1888]]","['Normal (0)', 'Attack (1)']",85,-0.09732848330353189,isolation_forest,7
0.8801008630180772,0.7330561147393793,0.2544543429844098,0.5669975186104218,0.35126825518831667,0.10088528913166321,0.6919091258254745,0.1745704075135287,"[[47734, 5356], [1396, 1828]]","['Normal (0)', 'Attack (1)']",90,-0.0026624920185398097,isolation_forest,7
0.8817523173633555,0.5903024710601923,0.16448525102559095,0.26116625310173697,0.2018458588037876,0.08056131098135243,0.6919091258254745,0.1745704075135287,"[[48813, 4277], [2382, 842]]","['Normal (0)', 'Attack (1)']",92,0.1421685289672094,isolation_forest,7
0.910342010867635,0.6024063554701576,0.23680415344678396,0.25465260545905705,0.24540427439844567,0.04983989451874176,0.6919091258254745,0.1745704075135287,"[[50444, 2646], [2403, 821]]","['Normal (0)', 'Attack (1)']",95,0.16887434314155014,isolation_forest,7
0.9148879497105515,0.48609721915170967,0.003795066413662239,0.0018610421836228288,0.002497398543184183,0.029666603880203427,0.6919091258254745,0.1745704075135287,"[[51515, 1575], [3218, 6]]","['Normal (0)', 'Attack (1)']",97,0.18253736437892618,isolation_forest,7
0.9343502503817879,0.4961279759498244,0.008316008316008316,0.0012406947890818859,0.0021592442645074223,0.008984742889433038,0.6919091258254745,0.1745704075135287,"[[52613, 477], [3220, 4]]","['Normal (0)', 'Attack (1)']",99,0.21806244010347806,isolation_forest,7
0.7896260254998757,0.6996384481242817,0.15449955925955605,0.598014888337469,0.24555817359740176,0.19873799208890564,0.7080320878166062,0.23553355025237122,"[[42539, 10551], [1296, 1928]]","['Normal (0)', 'Attack (1)']",80,-0.1316592007900757,isolation_forest,21
0.8355471108427744,0.7180208931693781,0.19233513403322802,0.5852977667493796,0.28952819332566165,0.14925598041062346,0.7080320878166062,0.23553355025237122,"[[45166, 7924], [1337, 1887]]","['Normal (0)', 'Attack (1)']",85,-0.08859209083317088,isolation_forest,21
0.8810420144191498,0.7316615716931827,0.2554539057002111,0.5629652605459057,0.3514376996805112,0.0996421171595404,0.7080320878166062,0.23553355025237122,"[[47800, 5290], [1409, 1815]]","['Normal (0)', 'Attack (1)']",90,0.00991833472789487,isolation_forest,21
0.8956920126433924,0.7009748124234936,0.2696453407510431,0.4810794044665012,0.34558823529411764,0.07912977961951403,0.7080320878166062,0.23553355025237122,"[[48889, 4201], [1673, 1551]]","['Normal (0)', 'Attack (1)']",92,0.14780834754161365,isolation_forest,21
0.9104307987356608,0.6027447830758854,0.23744950952106175,0.255272952853598,0.2460388639760837,0.04978338670182709,0.7080320878166062,0.23553355025237122,"[[50447, 2643], [2401, 823]]","['Normal (0)', 'Attack (1)']",95,0.17020059189265357,isolation_forest,21
0.9287743722697731,0.6098515057300048,0.3358364622444723,0.24968982630272954,0.286425902864259,0.02998681484271991,0.7080320878166062,0.23553355025237122,"[[51498, 1592], [2419, 805]]","['Normal (0)', 'Attack (1)']",97,0.1858482101205604,isolation_forest,21
0.933373583833505,0.4969210075404517,0.023465703971119134,0.004032258064516129,0.006881948120698782,0.010190242983612733,0.7080320878166062,0.23553355025237122,"[[52549, 541], [3211, 13]]","['Normal (0)', 'Attack (1)']",99,0.21190353162669165,isolation_forest,21
0.7902652981496608,0.696918448563631,0.15377792113539232,0.591501240694789,0.244096,0.19766434356752685,0.7030791268350435,0.2369190944682862,"[[42596, 10494], [1317, 1907]]","['Normal (0)', 'Attack (1)']",80,-0.1355620031894577,isolation_forest,100
0.8346769897361225,0.7150830417190341,0.1903114186851211,0.5800248138957816,0.28659003831417623,0.1498587304577133,0.7030791268350435,0.2369190944682862,"[[45134, 7956], [1354, 1870]]","['Normal (0)', 'Attack (1)']",85,-0.08901321238988136,isolation_forest,100
0.8825336506019817,0.730850323459344,0.257751107301043,0.5595533498759305,0.35292966839479606,0.09785270295724242,0.7030791268350435,0.2369190944682862,"[[47895, 5195], [1420, 1804]]","['Normal (0)', 'Attack (1)']",90,0.011096719854469169,isolation_forest,100
0.9002379514863089,0.7336849394749401,0.2975304465493911,0.5455955334987593,0.3850700525394046,0.07822565454887927,0.7030791268350435,0.2369190944682862,"[[48937, 4153], [1465, 1759]]","['Normal (0)', 'Attack (1)']",92,0.1407472210009626,isolation_forest,100
0.9099158291011116,0.6080070793684772,0.24110893307196862,0.2670595533498759,0.25342163355408387,0.05104539461292146,0.7030791268350435,0.2369190944682862,"[[50380, 2710], [2363, 861]]","['Normal (0)', 'Attack (1)']",95,0.17053769846803868,isolation_forest,100
0.9282949177824342,0.6107625715870844,0.33319672131147543,0.2521712158808933,0.2870762711864407,0.03064607270672443,0.7030791268350435,0.2369190944682862,"[[51463, 1627], [2411, 813]]","['Normal (0)', 'Attack (1)']",97,0.19119894022644668,isolation_forest,100
0.9331960080974535,0.4962441523289961,0.01618705035971223,0.002791563275434243,0.004761904761904762,0.01030325861744208,0.7030791268350435,0.2369190944682862,"[[52543, 547], [3215, 9]]","['Normal (0)', 'Attack (1)']",99,0.22185991399215654,isolation_forest,100
0.7888802074084597,0.6977862046143843,0.15342772578193745,0.5949131513647643,0.24394276629570746,0.19934074213599548,0.6980415180551588,0.19679956333052767,"[[42507, 10583], [1306, 1918]]","['Normal (0)', 'Attack (1)']",80,-0.13587315572657716,isolation_forest,2026
0.834002201939127,0.7145794899994251,0.1895153112958832,0.5797146401985112,0.285648784961027,0.15055566019966096,0.6980415180551588,0.19679956333052767,"[[45097, 7993], [1355, 1869]]","['Normal (0)', 'Attack (1)']",85,-0.0912355471526265,isolation_forest,2026
0.8803494690485492,0.7307115953666394,0.2537836322869955,0.5617245657568238,0.3496138996138996,0.10030137502354493,0.6980415180551588,0.19679956333052767,"[[47765, 5325], [1413, 1811]]","['Normal (0)', 'Attack (1)']",90,0.00809843593242765,isolation_forest,2026
0.8938274674148524,0.7014426144189814,0.2656117066530543,0.48418114143920593,0.34303922645863094,0.08129591260124318,0.6980415180551588,0.19679956333052767,"[[48774, 4316], [1663, 1561]]","['Normal (0)', 'Attack (1)']",92,0.13330272239330399,isolation_forest,2026
0.9090634655680648,0.5995432284799398,0.22969506982046167,0.25,0.23941779296004753,0.05091354304012055,0.6980415180551588,0.19679956333052767,"[[50387, 2703], [2418, 806]]","['Normal (0)', 'Attack (1)']",95,0.17608120911966307,isolation_forest,2026
0.928135099619988,0.6039770414208374,0.3254136614340263,0.23790322580645162,0.27486113599713313,0.029949142964776795,0.6980415180551588,0.19679956333052767,"[[51500, 1590], [2457, 767]]","['Normal (0)', 'Attack (1)']",97,0.19196360105156532,isolation_forest,2026
0.9334623717015307,0.4958027463546849,0.009380863039399626,0.0015508684863523574,0.002661698163428267,0.009945375776982483,0.6980415180551588,0.19679956333052767,"[[52562, 528], [3219, 5]]","['Normal (0)', 'Attack (1)']",99,0.21776039751490842,isolation_forest,2026
0.789785843662322,0.7072979915654254,0.15746779067917926,0.6141439205955335,0.25066464109380937,0.1995479374646826,0.7196232391551964,0.17132928389116486,"[[42496, 10594], [1244, 1980]]","['Normal (0)', 'Attack (1)']",80,1.5010420560837012,stacked_autoencoder,42
0.8364349895230315,0.7246098845679443,0.19593702386998477,0.5983250620347395,0.29520238732879334,0.149105292898851,0.7196232391551964,0.17132928389116486,"[[45174, 7916], [1295, 1929]]","['Normal (0)', 'Attack (1)']",85,3.247390198707571,stacked_autoencoder,42
0.8805270447846006,0.7340104904027853,0.25564853556485356,0.5685483870967742,0.3527034827785261,0.10052740629120362,0.7196232391551964,0.17132928389116486,"[[47753, 5337], [1391, 1833]]","['Normal (0)', 'Attack (1)']",90,47.239506530761744,stacked_autoencoder,42
0.8993145576588415,0.7410613245357502,0.2985836627140975,0.5623449131513648,0.39006024096385544,0.08022226407986438,0.7196232391551964,0.17132928389116486,"[[48831, 4259], [1411, 1813]]","['Normal (0)', 'Attack (1)']",92,222.32601745605558,stacked_autoencoder,42
0.8949106794047661,0.47725003003000194,0.006593406593406593,0.005583126550868486,0.006046355391333557,0.05108306649086457,0.7196232391551964,0.17132928389116486,"[[50378, 2712], [3206, 18]]","['Normal (0)', 'Attack (1)']",95,2953.0852294919673,stacked_autoencoder,42
0.9138402528678481,0.48699824774354333,0.00963855421686747,0.004962779156327543,0.006552006552006552,0.030966283669240913,0.7196232391551964,0.17132928389116486,"[[51446, 1644], [3208, 16]]","['Normal (0)', 'Attack (1)']",97,5825.049091796834,stacked_autoencoder,42
0.9337287353056078,0.49725503580931674,0.026119402985074626,0.004342431761786601,0.007446808510638298,0.009832360143153137,0.7196232391551964,0.17132928389116486,"[[52568, 522], [3210, 14]]","['Normal (0)', 'Attack (1)']",99,8617.835703124954,stacked_autoencoder,42
0.78642966225095,0.7002739156832328,0.15317941848554092,0.6029776674937966,0.24429783223374174,0.20242983612733095,0.7164183485415234,0.19149194447724524,"[[42343, 10747], [1280, 1944]]","['Normal (0)', 'Attack (1)']",80,0.9910994887351998,stacked_autoencoder,7
0.8338068686294705,0.7188459587095652,0.19118091211114466,0.5890198511166254,0.28866762939879914,0.1513279336974948,0.7164183485415234,0.19149194447724524,"[[45056, 8034], [1325, 1899]]","['Normal (0)', 'Attack (1)']",85,2.4873602390289307,stacked_autoencoder,7
0.8798700145612104,0.733516356652662,0.2542678695350451,0.5682382133995038,0.35132802761530346,0.1012055000941797,0.7164183485415234,0.19149194447724524,"[[47717, 5373], [1392, 1832]]","['Normal (0)', 'Attack (1)']",90,19.02240562438981,stacked_autoencoder,7
0.8995986788365238,0.7435427141139139,0.30042706964520366,0.5673076923076923,0.39282646048109965,0.08022226407986438,0.7164183485415234,0.19149194447724524,"[[48831, 4259], [1395, 1829]]","['Normal (0)', 'Attack (1)']",92,50.990674896240364,stacked_autoencoder,7
0.9104485563092659,0.6033368765619691,0.2381226605240426,0.2565136476426799,0.24697625802598178,0.04983989451874176,0.7164183485415234,0.19149194447724524,"[[50444, 2646], [2397, 827]]","['Normal (0)', 'Attack (1)']",95,887.3232727050655,stacked_autoencoder,7
0.9241041304116205,0.5724140487593753,0.2591743119266055,0.17524813895781638,0.20910436713545522,0.030420041439065737,0.7164183485415234,0.19149194447724524,"[[51475, 1615], [2659, 565]]","['Normal (0)', 'Attack (1)']",97,1906.6471044921868,stacked_autoencoder,7
0.9337109777320027,0.4975369555981299,0.029574861367837338,0.004962779156327543,0.00849933598937583,0.009888867960067809,0.7164183485415234,0.19149194447724524,"[[52565, 525], [3208, 16]]","['Normal (0)', 'Attack (1)']",99,5300.824960937487,stacked_autoencoder,7
0.7909756010938666,0.7042872735422362,0.15693987316368307,0.6063895781637717,0.24934634270773548,0.1978150310792993,0.7287326065527567,0.21781545725287688,"[[42588, 10502], [1269, 1955]]","['Normal (0)', 'Attack (1)']",80,1.0112198591232409,stacked_autoencoder,21
0.8351031715026459,0.7188051260862798,0.19228426395939086,0.5874689826302729,0.2897353526082301,0.1498587304577133,0.7287326065527567,0.21781545725287688,"[[45134, 7956], [1330, 1894]]","['Normal (0)', 'Attack (1)']",85,2.5568387508392334,stacked_autoencoder,21
0.8814149234648577,0.7338987133604764,0.2571709786276715,0.5673076923076923,0.35390866873065013,0.0995102655867395,0.7287326065527567,0.21781545725287688,"[[47807, 5283], [1395, 1829]]","['Normal (0)', 'Attack (1)']",90,11.768096160888696,stacked_autoencoder,21
0.9000426181766523,0.7431954878344607,0.3014037985136251,0.5660669975186104,0.3933613535941373,0.07967602184968921,0.7287326065527567,0.21781545725287688,"[[48860, 4230], [1399, 1825]]","['Normal (0)', 'Attack (1)']",92,29.278838882446763,stacked_autoencoder,21
0.9097027382178499,0.6046893483933599,0.23707261938400678,0.26023573200992556,0.24811474197841193,0.05085703522320588,0.7287326065527567,0.21781545725287688,"[[50390, 2700], [2385, 839]]","['Normal (0)', 'Attack (1)']",95,448.8169250488279,stacked_autoencoder,21
0.9285612813865114,0.6097384900961755,0.33416355334163556,0.24968982630272954,0.28581572874134564,0.030212846110378604,0.7287326065527567,0.21781545725287688,"[[51486, 1604], [2419, 805]]","['Normal (0)', 'Attack (1)']",97,658.8578039550749,stacked_autoencoder,21
0.9331604929502433,0.49768200518151906,0.0328719723183391,0.005893300248138958,0.009994739610731194,0.010529289885100773,0.7287326065527567,0.21781545725287688,"[[52531, 559], [3205, 19]]","['Normal (0)', 'Attack (1)']",99,2136.7239404296843,stacked_autoencoder,21
0.7903896011648969,0.7001890896913197,0.15508924264351182,0.5983250620347395,0.2463286936534287,0.1979468826521002,0.7212200290064112,0.1768488940524201,"[[42581, 10509], [1295, 1929]]","['Normal (0)', 'Attack (1)']",80,0.40612845420837457,stacked_autoencoder,100
0.8362574137869802,0.7183976119488092,0.19312250537304268,0.5852977667493796,0.29041939207387457,0.14850254285176115,0.7212200290064112,0.1768488940524201,"[[45206, 7884], [1337, 1887]]","['Normal (0)', 'Attack (1)']",85,0.9281237125396727,stacked_autoencoder,100
0.8826757111908229,0.7310713360943797,0.2581152581152581,0.559863523573201,0.35333268082607416,0.09772085138444152,0.7212200290064112,0.1768488940524201,"[[47902, 5188], [1419, 1805]]","['Normal (0)', 'Attack (1)']",90,16.270246887207033,stacked_autoencoder,100
0.9004510423695706,0.740353054670495,0.3011686143572621,0.5595533498759305,0.3915780334273931,0.07884724053494066,0.7212200290064112,0.1768488940524201,"[[48904, 4186], [1420, 1804]]","['Normal (0)', 'Attack (1)']",92,23.009783935546995,stacked_autoencoder,100
0.9110523138118407,0.5972476568419095,0.23366159355416294,0.24286600496277916,0.23817490494296578,0.04837069127896026,0.7212200290064112,0.1768488940524201,"[[50522, 2568], [2441, 783]]","['Normal (0)', 'Attack (1)']",95,961.3377136229982,stacked_autoencoder,100
0.9162730404517526,0.4895995294754401,0.016223231667748216,0.007754342431761787,0.01049317943336831,0.028555283480881523,0.7212200290064112,0.1768488940524201,"[[51574, 1516], [3199, 25]]","['Normal (0)', 'Attack (1)']",97,2643.470644531249,stacked_autoencoder,100
0.9338352807472386,0.49774855026367976,0.03171641791044776,0.005272952853598015,0.009042553191489361,0.009775852326238463,0.7212200290064112,0.1768488940524201,"[[52571, 519], [3207, 17]]","['Normal (0)', 'Attack (1)']",99,3731.111611328117,stacked_autoencoder,100
0.7877614802713357,0.6976298791742287,0.152824184566428,0.5958436724565757,0.2432569330125364,0.2005839141081183,0.7289082616157684,0.2176089753397928,"[[42441, 10649], [1303, 1921]]","['Normal (0)', 'Attack (1)']",80,0.5865075588226318,stacked_autoencoder,2026
0.8337358383350499,0.7128358627864944,0.18853373921867073,0.576302729528536,0.2841195810077223,0.15063100395554718,0.7289082616157684,0.2176089753397928,"[[45093, 7997], [1366, 1858]]","['Normal (0)', 'Attack (1)']",85,2.220123767852783,stacked_autoencoder,2026
0.8808999538303086,0.7327515789704921,0.25571608921307337,0.5654466501240695,0.3521684535883319,0.09994349218308533,0.7289082616157684,0.2176089753397928,"[[47784, 5306], [1401, 1823]]","['Normal (0)', 'Attack (1)']",90,21.059136199951173,stacked_autoencoder,2026
0.9001491636182832,0.7420866446181796,0.3011768606000331,0.5635856079404467,0.39256778653991575,0.0794123187040874,0.7289082616157684,0.2176089753397928,"[[48874, 4216], [1407, 1817]]","['Normal (0)', 'Attack (1)']",92,27.954446868896547,stacked_autoencoder,2026
0.9141243740455304,0.6351485164711639,0.2807399347116431,0.3200992555831266,0.2991304347826087,0.049802222640798643,0.7289082616157684,0.2176089753397928,"[[50446, 2644], [2192, 1032]]","['Normal (0)', 'Attack (1)']",95,258.7106414794918,stacked_autoencoder,2026
0.9290584934474554,0.607671491175386,0.33588761174968074,0.24472704714640198,0.2831509061546743,0.029384064795630063,0.7289082616157684,0.2176089753397928,"[[51530, 1560], [2435, 789]]","['Normal (0)', 'Attack (1)']",97,509.0692614746091,stacked_autoencoder,2026
0.9332137656710587,0.4966905769359302,0.0213903743315508,0.0037220843672456576,0.006340819022457068,0.010340930495385195,0.7289082616157684,0.2176089753397928,"[[52541, 549], [3212, 12]]","['Normal (0)', 'Attack (1)']",99,2475.7767724609303,stacked_autoencoder,2026
